,name
0,cassan_32_47_2652.det.lc.gz
1,cassan_32_57_3259.det.lc.gz
2,cassan_32_59_667.det.lc.gz
3,cassan_32_5_1619.det.lc.gz
4,cassan_32_5_2604.det.lc.gz
5,cassan_32_60_2411.det.lc.gz
6,cassan_32_63_1603.det.lc.gz
7,cassan_32_69_1785.det.lc.gz
8,cassan_32_70_2438.det.lc.gz
9,cassan_32_70_351.det.lc.gz
10,cassan_32_72_283.det.lc.gz
11,cassan_32_74_111.det.lc.gz
12,cassan_32_76_762.det.lc.gz
13,cassan_32_82_137.det.lc.gz
14,cassan_32_83_1977.det.lc.gz
15,cassan_32_85_1794.det.lc.gz
16,cassan_32_85_3277.det.lc.gz
17,cassan_32_86_2957.det.lc.gz
18,cassan_32_96_1213.det.lc.gz
19,cassan_32_96_696.det.lc.gz
20,cassan_32_97_1760.det.lc.gz
21,cassan_32_98_2319.det.lc.gz
22,cassan_33_101_286.det.lc.gz
23,cassan_33_102_851.det.lc.gz
24,cassan_33_109_2219.det.lc.gz
25,cassan_33_109_3064.det.lc.gz
26,cassan_33_110_178.det.lc.gz
27,cassan_33_110_2534.det.lc.gz
28,cassan_33_111_1015.det.lc.gz
29,cassan_33_111_1977.det.lc.gz
30,cassan_33_112_494.det.lc.gz
31,cassan_33_113_539.det.lc.gz
32,cassan_33_114_2013.det.lc.gz
33,cassan_33_123_2324.det.lc.gz
34,cassan_33_124_2205.det.lc.gz
35,cassan_33_125_3013.det.lc.gz
36,cassan_33_127_1258.det.lc.gz
37,cassan_33_137_593.det.lc.gz
38,cassan_33_137_597.det.lc.gz
39,cassan_33_138_2505.det.lc.gz
40,cassan_33_140_1361.det.lc.gz
41,cassan_33_150_2191.det.lc.gz
42,cassan_33_150_2535.det.lc.gz
43,cassan_33_150_3188.det.lc.gz
44,cassan_33_17_1686.det.lc.gz
45,cassan_33_17_2352.det.lc.gz
46,cassan_33_21_2384.det.lc.gz
47,cassan_33_21_2974.det.lc.gz
48,cassan_33_24_448.det.lc.gz
49,cassan_33_24_989.det.lc.gz
50,cassan_33_30_2060.det.lc.gz
51,cassan_33_34_2006.det.lc.gz
52,cassan_33_35_1266.det.lc.gz
53,cassan_33_35_1278.det.lc.gz
54,cassan_33_35_1769.det.lc.gz
55,cassan_33_36_1834.det.lc.gz
56,cassan_33_36_521.det.lc.gz
57,cassan_33_47_330.det.lc.gz
58,cassan_33_49_1041.det.lc.gz
59,cassan_33_4_154.det.lc.gz
60,cassan_33_4_1938.det.lc.gz
61,cassan_33_4_490.det.lc.gz
62,cassan_33_50_279.det.lc.gz
63,cassan_33_50_3325.det.lc.gz
64,cassan_33_56_3030.det.lc.gz
65,cassan_33_56_705.det.lc.gz
66,cassan_33_62_179.det.lc.gz
67,cassan_33_62_2670.det.lc.gz
68,cassan_33_73_2180.det.lc.gz
69,cassan_33_74_1006.det.lc.gz
70,cassan_33_76_2565.det.lc.gz
71,cassan_33_7_247.det.lc.gz
72,cassan_33_83_2780.det.lc.gz
73,cassan_33_84_3046.det.lc.gz
74,cassan_33_88_235.det.lc.gz
75,cassan_33_89_1419.det.lc.gz
76,cassan_33_96_2336.det.lc.gz
77,cassan_33_97_1449.det.lc.gz
78,cassan_33_97_1850.det.lc.gz
79,cassan_33_97_2165.det.lc.gz
80,cassan_33_99_597.det.lc.gz
81,cassan_34_101_1457.det.lc.gz
82,cassan_34_109_2815.det.lc.gz
83,cassan_34_111_2169.det.lc.gz
84,cassan_34_111_531.det.lc.gz
85,cassan_34_114_2483.det.lc.gz
86,cassan_34_114_3050.det.lc.gz
87,cassan_34_114_887.det.lc.gz
88,cassan_34_115_551.det.lc.gz
89,cassan_34_123_2330.det.lc.gz
90,cassan_34_124_1403.det.lc.gz
91,cassan_34_124_1415.det.lc.gz
92,cassan_34_124_3251.det.lc.gz
93,cassan_34_125_906.det.lc.gz
94,cassan_34_126_835.det.lc.gz
95,cassan_34_127_3133.det.lc.gz
96,cassan_34_136_1071.det.lc.gz
97,cassan_34_138_2478.det.lc.gz
98,cassan_34_140_279.det.lc.gz
99,cassan_34_140_3129.det.lc.gz
100,cassan_34_150_2487.det.lc.gz
101,cassan_34_150_2536.det.lc.gz
102,cassan_34_151_186.det.lc.gz
103,cassan_34_17_1753.det.lc.gz
104,cassan_34_18_1242.det.lc.gz
105,cassan_34_18_1869.det.lc.gz
106,cassan_34_18_596.det.lc.gz
107,cassan_34_19_2249.det.lc.gz
108,cassan_34_23_2483.det.lc.gz
109,cassan_34_24_2988.det.lc.gz
110,cassan_34_30_3312.det.lc.gz
111,cassan_34_31_2258.det.lc.gz
112,cassan_34_36_1882.det.lc.gz
113,cassan_34_46_1967.det.lc.gz
114,cassan_34_49_1764.det.lc.gz
115,cassan_34_58_479.det.lc.gz
116,cassan_34_58_663.det.lc.gz
117,cassan_34_69_768.det.lc.gz
118,cassan_34_6_3079.det.lc.gz
119,cassan_34_75_3296.det.lc.gz
120,cassan_34_7_785.det.lc.gz
121,cassan_34_84_1373.det.lc.gz
122,cassan_34_85_2990.det.lc.gz
123,cassan_34_86_2689.det.lc.gz
124,cassan_34_87_933.det.lc.gz
125,cassan_34_89_1424.det.lc.gz
126,cassan_34_97_3108.det.lc.gz
127,cassan_34_98_2027.det.lc.gz
128,cassan_34_99_1442.det.lc.gz
129,cassan_35_100_444.det.lc.gz
130,cassan_35_101_1274.det.lc.gz
131,cassan_35_102_2138.det.lc.gz
132,cassan_35_109_2910.det.lc.gz
133,cassan_35_111_2040.det.lc.gz
134,cassan_35_111_2127.det.lc.gz
135,cassan_35_113_3136.det.lc.gz
136,cassan_35_113_3237.det.lc.gz
137,cassan_35_124_1472.det.lc.gz
138,cassan_35_125_1646.det.lc.gz
139,cassan_35_125_2877.det.lc.gz
140,cassan_35_126_2022.det.lc.gz
141,cassan_35_126_3195.det.lc.gz
142,cassan_35_136_2226.det.lc.gz
143,cassan_35_136_559.det.lc.gz
144,cassan_35_139_553.det.lc.gz
145,cassan_35_151_1075.det.lc.gz
146,cassan_35_17_1375.det.lc.gz
147,cassan_35_23_121.det.lc.gz
148,cassan_35_23_2280.det.lc.gz
149,cassan_35_23_2547.det.lc.gz
150,cassan_35_24_2655.det.lc.gz
151,cassan_35_33_120.det.lc.gz
152,cassan_35_33_1883.det.lc.gz
153,cassan_35_33_2247.det.lc.gz
154,cassan_35_45_1489.det.lc.gz
155,cassan_35_56_1226.det.lc.gz
156,cassan_35_57_1606.det.lc.gz
157,cassan_35_57_625.det.lc.gz
158,cassan_35_58_1288.det.lc.gz
159,cassan_35_59_2416.det.lc.gz
160,cassan_35_59_2529.det.lc.gz
161,cassan_35_60_1518.det.lc.gz
162,cassan_35_60_2556.det.lc.gz
163,cassan_35_62_2502.det.lc.gz
164,cassan_35_63_942.det.lc.gz
165,cassan_35_69_1747.det.lc.gz
166,cassan_35_69_1790.det.lc.gz
167,cassan_35_6_1810.det.lc.gz
168,cassan_35_6_193.det.lc.gz
169,cassan_35_70_1381.det.lc.gz
170,cassan_35_72_2904.det.lc.gz
171,cassan_35_72_690.det.lc.gz
172,cassan_35_75_3174.det.lc.gz
173,cassan_35_7_2798.det.lc.gz
174,cassan_35_7_301.det.lc.gz
175,cassan_35_83_1530.det.lc.gz
176,cassan_35_84_541.det.lc.gz
177,cassan_35_85_670.det.lc.gz
178,cassan_35_87_1617.det.lc.gz
179,cassan_35_8_1673.det.lc.gz
180,cassan_35_97_843.det.lc.gz
181,cassan_35_99_2034.det.lc.gz
182,cassan_35_99_2971.det.lc.gz
183,cassan_36_101_552.det.lc.gz
184,cassan_36_10_1888.det.lc.gz
185,cassan_36_10_349.det.lc.gz
186,cassan_36_110_1568.det.lc.gz
187,cassan_36_110_3014.det.lc.gz
188,cassan_36_112_3119.det.lc.gz
189,cassan_36_125_2514.det.lc.gz
190,cassan_36_136_3002.det.lc.gz
191,cassan_36_137_2006.det.lc.gz
192,cassan_36_138_3024.det.lc.gz
193,cassan_36_139_1375.det.lc.gz
194,cassan_36_140_1661.det.lc.gz
195,cassan_36_18_2903.det.lc.gz
196,cassan_36_19_225.det.lc.gz
197,cassan_36_20_528.det.lc.gz
198,cassan_36_23_2944.det.lc.gz
199,cassan_36_24_1132.det.lc.gz
200,cassan_36_31_22.det.lc.gz
201,cassan_36_31_3033.det.lc.gz
202,cassan_36_31_3134.det.lc.gz
203,cassan_36_34_1176.det.lc.gz
204,cassan_36_34_1203.det.lc.gz
205,cassan_36_35_2669.det.lc.gz
206,cassan_36_36_1126.det.lc.gz
207,cassan_36_36_2154.det.lc.gz
208,cassan_36_43_3009.det.lc.gz
209,cassan_36_43_421.det.lc.gz
210,cassan_36_44_2462.det.lc.gz
211,cassan_36_45_2359.det.lc.gz
212,cassan_36_45_2825.det.lc.gz
213,cassan_36_46_2390.det.lc.gz
214,cassan_36_47_3200.det.lc.gz
215,cassan_36_50_2827.det.lc.gz
216,cassan_36_50_3060.det.lc.gz
217,cassan_36_56_3316.det.lc.gz
218,cassan_36_58_2454.det.lc.gz
219,cassan_36_5_1417.det.lc.gz
220,cassan_36_5_1630.det.lc.gz
221,cassan_36_69_2167.det.lc.gz
222,cassan_36_69_2286.det.lc.gz
223,cassan_36_6_2301.det.lc.gz
224,cassan_36_70_244.det.lc.gz
225,cassan_36_72_2990.det.lc.gz
226,cassan_36_75_3240.det.lc.gz
227,cassan_36_82_2316.det.lc.gz
228,cassan_36_83_2444.det.lc.gz
229,cassan_36_83_305.det.lc.gz
230,cassan_36_84_801.det.lc.gz
231,cassan_36_85_2502.det.lc.gz
232,cassan_36_85_744.det.lc.gz
233,cassan_36_86_2708.det.lc.gz
234,cassan_36_89_2916.det.lc.gz
235,cassan_36_89_764.det.lc.gz
236,cassan_36_97_3298.det.lc.gz
237,cassan_36_98_2654.det.lc.gz
238,cassan_36_99_2973.det.lc.gz
239,cassan_36_9_3060.det.lc.gz
240,cassan_37_100_671.det.lc.gz
241,cassan_37_101_2173.det.lc.gz
242,cassan_37_102_2713.det.lc.gz
243,cassan_37_109_149.det.lc.gz
244,cassan_37_111_1117.det.lc.gz
245,cassan_37_114_75.det.lc.gz
246,cassan_37_123_460.det.lc.gz
247,cassan_37_123_706.det.lc.gz
248,cassan_37_124_1714.det.lc.gz
249,cassan_37_125_900.det.lc.gz
250,cassan_37_126_1.det.lc.gz
251,cassan_37_127_1317.det.lc.gz
252,cassan_37_150_3103.det.lc.gz
253,cassan_37_17_1818.det.lc.gz
254,cassan_37_17_204.det.lc.gz
255,cassan_37_18_39.det.lc.gz
256,cassan_37_24_466.det.lc.gz
257,cassan_37_30_38.det.lc.gz
258,cassan_37_31_2327.det.lc.gz
259,cassan_37_33_1619.det.lc.gz
260,cassan_37_35_2400.det.lc.gz
261,cassan_37_35_3304.det.lc.gz
262,cassan_37_46_1909.det.lc.gz
263,cassan_37_56_1332.det.lc.gz
264,cassan_37_56_2868.det.lc.gz
265,cassan_37_57_228.det.lc.gz
266,cassan_37_57_864.det.lc.gz
267,cassan_37_59_2590.det.lc.gz
268,cassan_37_59_961.det.lc.gz
269,cassan_37_5_2445.det.lc.gz
270,cassan_37_5_648.det.lc.gz
271,cassan_37_5_824.det.lc.gz
272,cassan_37_60_2029.det.lc.gz
273,cassan_37_62_297.det.lc.gz
274,cassan_37_63_3136.det.lc.gz
275,cassan_37_6_2843.det.lc.gz
276,cassan_37_70_499.det.lc.gz
277,cassan_37_72_1351.det.lc.gz
278,cassan_37_72_1403.det.lc.gz
279,cassan_37_76_649.det.lc.gz
280,cassan_37_84_1426.det.lc.gz
281,cassan_37_84_2496.det.lc.gz
282,cassan_37_87_1794.det.lc.gz
283,cassan_37_88_846.det.lc.gz
284,cassan_37_97_1914.det.lc.gz
285,cassan_37_9_1246.det.lc.gz
286,cassan_37_9_2609.det.lc.gz
287,cassan_38_101_3237.det.lc.gz
288,cassan_38_110_2008.det.lc.gz
289,cassan_38_112_2771.det.lc.gz
290,cassan_38_113_1306.det.lc.gz
291,cassan_38_113_1731.det.lc.gz
292,cassan_38_113_285.det.lc.gz
293,cassan_38_114_2997.det.lc.gz
294,cassan_38_114_3110.det.lc.gz
295,cassan_38_114_3304.det.lc.gz
296,cassan_38_115_2837.det.lc.gz
297,cassan_38_123_2179.det.lc.gz
298,cassan_38_123_2772.det.lc.gz
299,cassan_38_125_91.det.lc.gz
300,cassan_38_126_1391.det.lc.gz
301,cassan_38_126_2335.det.lc.gz
302,cassan_38_136_1925.det.lc.gz
303,cassan_38_136_2597.det.lc.gz
304,cassan_38_137_124.det.lc.gz
305,cassan_38_137_3215.det.lc.gz
306,cassan_38_140_2576.det.lc.gz
307,cassan_38_140_390.det.lc.gz
308,cassan_38_150_171.det.lc.gz
309,cassan_38_17_1847.det.lc.gz
310,cassan_38_17_3330.det.lc.gz
311,cassan_38_20_994.det.lc.gz
312,cassan_38_21_2213.det.lc.gz
313,cassan_38_23_3283.det.lc.gz
314,cassan_38_24_1945.det.lc.gz
315,cassan_38_31_213.det.lc.gz
316,cassan_38_33_105.det.lc.gz
317,cassan_38_34_500.det.lc.gz
318,cassan_38_35_208.det.lc.gz
319,cassan_38_36_1472.det.lc.gz
320,cassan_38_37_1618.det.lc.gz
321,cassan_38_56_1216.det.lc.gz
322,cassan_38_57_3317.det.lc.gz
323,cassan_38_59_1517.det.lc.gz
324,cassan_38_59_781.det.lc.gz
325,cassan_38_5_1701.det.lc.gz
326,cassan_38_63_667.det.lc.gz
327,cassan_38_72_1759.det.lc.gz
328,cassan_38_72_350.det.lc.gz
329,cassan_38_74_490.det.lc.gz
330,cassan_38_75_27.det.lc.gz
331,cassan_38_7_312.det.lc.gz
332,cassan_38_82_2940.det.lc.gz
333,cassan_38_82_2990.det.lc.gz
334,cassan_38_85_1861.det.lc.gz
335,cassan_38_85_2938.det.lc.gz
336,cassan_38_97_1959.det.lc.gz
337,cassan_38_97_2146.det.lc.gz
338,cassan_38_99_118.det.lc.gz
339,cassan_38_99_1483.det.lc.gz
340,cassan_38_9_324.det.lc.gz
341,cassan_39_101_10.det.lc.gz
342,cassan_39_10_1374.det.lc.gz
343,cassan_39_111_888.det.lc.gz
344,cassan_39_112_3054.det.lc.gz
345,cassan_39_113_2534.det.lc.gz
346,cassan_39_114_2043.det.lc.gz
347,cassan_39_123_862.det.lc.gz
348,cassan_39_127_362.det.lc.gz
349,cassan_39_136_1032.det.lc.gz
350,cassan_39_136_477.det.lc.gz
351,cassan_39_137_1197.det.lc.gz
352,cassan_39_138_2997.det.lc.gz
353,cassan_39_138_346.det.lc.gz
354,cassan_39_150_694.det.lc.gz
355,cassan_39_22_3273.det.lc.gz
356,cassan_39_24_1126.det.lc.gz
357,cassan_39_31_1220.det.lc.gz
358,cassan_39_31_1837.det.lc.gz
359,cassan_39_31_2953.det.lc.gz
360,cassan_39_31_92.det.lc.gz
361,cassan_39_32_1092.det.lc.gz
362,cassan_39_34_1809.det.lc.gz
363,cassan_39_37_3208.det.lc.gz
364,cassan_39_44_1492.det.lc.gz
365,cassan_39_44_859.det.lc.gz
366,cassan_39_47_152.det.lc.gz
367,cassan_39_47_894.det.lc.gz
368,cassan_39_48_1333.det.lc.gz
369,cassan_39_48_2567.det.lc.gz
370,cassan_39_50_3149.det.lc.gz
371,cassan_39_57_3076.det.lc.gz
372,cassan_39_57_436.det.lc.gz
373,cassan_39_60_2206.det.lc.gz
374,cassan_39_61_1152.det.lc.gz
375,cassan_39_61_79.det.lc.gz
376,cassan_39_62_136.det.lc.gz
377,cassan_39_63_676.det.lc.gz
378,cassan_39_6_1336.det.lc.gz
379,cassan_39_71_2087.det.lc.gz
380,cassan_39_71_2141.det.lc.gz
381,cassan_39_75_1678.det.lc.gz
382,cassan_39_82_2358.det.lc.gz
383,cassan_39_83_1652.det.lc.gz
384,cassan_39_84_553.det.lc.gz
385,cassan_39_86_1262.det.lc.gz
386,cassan_39_86_2251.det.lc.gz
387,cassan_39_87_2248.det.lc.gz
388,cassan_39_87_2299.det.lc.gz
389,cassan_39_87_2899.det.lc.gz
390,cassan_39_88_2174.det.lc.gz
391,cassan_3_31_583.det.lc.gz
392,cassan_3_33_1126.det.lc.gz
393,cassan_3_36_1851.det.lc.gz
394,cassan_3_43_2000.det.lc.gz
395,cassan_3_44_1715.det.lc.gz
396,cassan_3_48_169.det.lc.gz
397,cassan_3_58_1712.det.lc.gz
398,cassan_3_58_3246.det.lc.gz
399,cassan_3_5_2355.det.lc.gz
400,cassan_3_60_3116.det.lc.gz
401,cassan_3_60_3267.det.lc.gz
402,cassan_3_61_1731.det.lc.gz
403,cassan_3_69_1078.det.lc.gz
404,cassan_3_72_2294.det.lc.gz
405,cassan_3_73_3032.det.lc.gz
406,cassan_3_75_2614.det.lc.gz
407,cassan_3_75_2650.det.lc.gz
408,cassan_3_75_3309.det.lc.gz
409,cassan_3_76_2577.det.lc.gz
410,cassan_3_76_795.det.lc.gz
411,cassan_3_82_1917.det.lc.gz
412,cassan_3_84_106.det.lc.gz
413,cassan_3_85_2900.det.lc.gz
414,cassan_3_88_2909.det.lc.gz
415,cassan_3_89_1791.det.lc.gz
416,cassan_3_89_2869.det.lc.gz
417,cassan_3_8_2759.det.lc.gz
418,cassan_3_97_1402.det.lc.gz
419,cassan_3_97_825.det.lc.gz
420,cassan_3_9_1842.det.lc.gz
421,cassan_40_100_313.det.lc.gz
422,cassan_40_100_77.det.lc.gz
423,cassan_40_102_2426.det.lc.gz
424,cassan_40_110_1209.det.lc.gz
425,cassan_40_110_3053.det.lc.gz
426,cassan_40_110_526.det.lc.gz
427,cassan_40_111_2274.det.lc.gz
428,cassan_40_113_1611.det.lc.gz
429,cassan_40_113_526.det.lc.gz
430,cassan_40_115_862.det.lc.gz
431,cassan_40_123_651.det.lc.gz
432,cassan_40_125_20.det.lc.gz
433,cassan_40_127_3309.det.lc.gz
434,cassan_40_139_1950.det.lc.gz
435,cassan_40_20_2027.det.lc.gz
436,cassan_40_20_2285.det.lc.gz
437,cassan_40_21_2483.det.lc.gz
438,cassan_40_30_2564.det.lc.gz
439,cassan_40_31_1405.det.lc.gz
440,cassan_40_33_3176.det.lc.gz
441,cassan_40_35_2563.det.lc.gz
442,cassan_40_36_1582.det.lc.gz
443,cassan_40_43_1008.det.lc.gz
444,cassan_40_44_1371.det.lc.gz
445,cassan_40_47_2129.det.lc.gz
446,cassan_40_47_2277.det.lc.gz
447,cassan_40_48_2058.det.lc.gz
448,cassan_40_49_1313.det.lc.gz
449,cassan_40_49_2227.det.lc.gz
450,cassan_40_56_1057.det.lc.gz
451,cassan_40_57_1143.det.lc.gz
452,cassan_40_58_1741.det.lc.gz
453,cassan_40_58_185.det.lc.gz
454,cassan_40_58_203.det.lc.gz
455,cassan_40_58_500.det.lc.gz
456,cassan_40_60_183.det.lc.gz
457,cassan_40_62_1522.det.lc.gz
458,cassan_40_69_2561.det.lc.gz
459,cassan_40_6_2064.det.lc.gz
460,cassan_40_6_2137.det.lc.gz
461,cassan_40_70_540.det.lc.gz
462,cassan_40_71_944.det.lc.gz
463,cassan_40_72_1706.det.lc.gz
464,cassan_40_72_2485.det.lc.gz
465,cassan_40_72_888.det.lc.gz
466,cassan_40_76_1036.det.lc.gz
467,cassan_40_76_2125.det.lc.gz
468,cassan_40_76_2272.det.lc.gz
469,cassan_40_82_2304.det.lc.gz
470,cassan_40_82_2720.det.lc.gz
471,cassan_40_82_3104.det.lc.gz
472,cassan_40_84_110.det.lc.gz
473,cassan_40_84_2699.det.lc.gz
474,cassan_40_84_702.det.lc.gz
475,cassan_40_86_740.det.lc.gz
476,cassan_40_96_137.det.lc.gz
477,cassan_40_97_1330.det.lc.gz
478,cassan_40_97_1983.det.lc.gz
479,cassan_40_9_2579.det.lc.gz
480,cassan_41_100_539.det.lc.gz
481,cassan_41_101_2015.det.lc.gz
482,cassan_41_101_501.det.lc.gz
483,cassan_41_102_2801.det.lc.gz
484,cassan_41_109_1934.det.lc.gz
485,cassan_41_109_2433.det.lc.gz
486,cassan_41_10_3242.det.lc.gz
487,cassan_41_111_1701.det.lc.gz
488,cassan_41_113_129.det.lc.gz
489,cassan_41_123_446.det.lc.gz
490,cassan_41_127_3228.det.lc.gz
491,cassan_41_136_625.det.lc.gz
492,cassan_41_137_1271.det.lc.gz
493,cassan_41_137_1790.det.lc.gz
494,cassan_41_137_2692.det.lc.gz
495,cassan_41_138_2338.det.lc.gz
496,cassan_41_138_2984.det.lc.gz
497,cassan_41_139_3097.det.lc.gz
498,cassan_41_150_1208.det.lc.gz
499,cassan_41_151_1485.det.lc.gz
500,cassan_41_19_922.det.lc.gz
501,cassan_41_20_367.det.lc.gz
502,cassan_41_21_1479.det.lc.gz
503,cassan_41_23_1871.det.lc.gz
504,cassan_41_24_3103.det.lc.gz
505,cassan_41_30_1117.det.lc.gz
506,cassan_41_32_214.det.lc.gz
507,cassan_41_36_1098.det.lc.gz
508,cassan_41_44_469.det.lc.gz
509,cassan_41_45_1765.det.lc.gz
510,cassan_41_47_2753.det.lc.gz
511,cassan_41_4_2252.det.lc.gz
512,cassan_41_50_978.det.lc.gz
513,cassan_41_57_2346.det.lc.gz
514,cassan_41_58_252.det.lc.gz
515,cassan_41_58_3036.det.lc.gz
516,cassan_41_5_1122.det.lc.gz
517,cassan_41_5_3182.det.lc.gz
518,cassan_41_61_1730.det.lc.gz
519,cassan_41_61_2515.det.lc.gz
520,cassan_41_69_1069.det.lc.gz
521,cassan_41_69_1511.det.lc.gz
522,cassan_41_69_2759.det.lc.gz
523,cassan_41_6_420.det.lc.gz
524,cassan_41_71_590.det.lc.gz
525,cassan_41_75_470.det.lc.gz
526,cassan_41_75_619.det.lc.gz
527,cassan_41_82_1889.det.lc.gz
528,cassan_41_82_2554.det.lc.gz
529,cassan_41_83_2363.det.lc.gz
530,cassan_41_83_3199.det.lc.gz
531,cassan_41_98_1090.det.lc.gz
532,cassan_41_98_664.det.lc.gz
533,cassan_41_9_3106.det.lc.gz
534,cassan_42_100_572.det.lc.gz
535,cassan_42_100_639.det.lc.gz
536,cassan_42_109_1190.det.lc.gz
537,cassan_42_109_143.det.lc.gz
538,cassan_42_110_2688.det.lc.gz
539,cassan_42_110_31.det.lc.gz
540,cassan_42_113_627.det.lc.gz
541,cassan_42_123_3235.det.lc.gz
542,cassan_42_124_2636.det.lc.gz
543,cassan_42_125_1706.det.lc.gz
544,cassan_42_127_2803.det.lc.gz
545,cassan_42_137_790.det.lc.gz
546,cassan_42_138_2223.det.lc.gz
547,cassan_42_138_736.det.lc.gz
548,cassan_42_150_1078.det.lc.gz
549,cassan_42_151_1932.det.lc.gz
550,cassan_42_18_401.det.lc.gz
551,cassan_42_21_2640.det.lc.gz
552,cassan_42_21_3026.det.lc.gz
553,cassan_42_31_2038.det.lc.gz
554,cassan_42_32_2977.det.lc.gz
555,cassan_42_33_1518.det.lc.gz
556,cassan_42_34_1081.det.lc.gz
557,cassan_42_35_2680.det.lc.gz
558,cassan_42_35_416.det.lc.gz
559,cassan_42_37_2179.det.lc.gz
560,cassan_42_43_1630.det.lc.gz
561,cassan_42_43_1780.det.lc.gz
562,cassan_42_46_267.det.lc.gz
563,cassan_42_48_2091.det.lc.gz
564,cassan_42_49_3214.det.lc.gz
565,cassan_42_4_2175.det.lc.gz
566,cassan_42_56_2089.det.lc.gz
567,cassan_42_56_2890.det.lc.gz
568,cassan_42_56_3239.det.lc.gz
569,cassan_42_5_1839.det.lc.gz
570,cassan_42_60_2613.det.lc.gz
571,cassan_42_61_155.det.lc.gz
572,cassan_42_69_2735.det.lc.gz
573,cassan_42_6_2909.det.lc.gz
574,cassan_42_70_1267.det.lc.gz
575,cassan_42_71_464.det.lc.gz
576,cassan_42_82_357.det.lc.gz
577,cassan_42_84_114.det.lc.gz
578,cassan_42_84_1446.det.lc.gz
579,cassan_42_84_184.det.lc.gz
580,cassan_42_85_463.det.lc.gz
581,cassan_42_85_560.det.lc.gz
582,cassan_42_86_1771.det.lc.gz
583,cassan_42_87_2929.det.lc.gz
584,cassan_42_87_34.det.lc.gz
585,cassan_42_88_3289.det.lc.gz
586,cassan_42_96_1224.det.lc.gz
587,cassan_42_96_970.det.lc.gz
588,cassan_42_9_2777.det.lc.gz
589,cassan_43_100_1260.det.lc.gz
590,cassan_43_109_830.det.lc.gz
591,cassan_43_111_2359.det.lc.gz
592,cassan_43_112_1788.det.lc.gz
593,cassan_43_123_1341.det.lc.gz
594,cassan_43_123_2385.det.lc.gz
595,cassan_43_125_1203.det.lc.gz
596,cassan_43_137_2993.det.lc.gz
597,cassan_43_138_2736.det.lc.gz
598,cassan_43_138_519.det.lc.gz
599,cassan_43_139_156.det.lc.gz
600,cassan_43_150_2331.det.lc.gz
601,cassan_43_17_814.det.lc.gz
602,cassan_43_23_2642.det.lc.gz
603,cassan_43_23_3182.det.lc.gz
604,cassan_43_24_771.det.lc.gz
605,cassan_43_31_152.det.lc.gz
606,cassan_43_32_2498.det.lc.gz
607,cassan_43_33_1360.det.lc.gz
608,cassan_43_33_1994.det.lc.gz
609,cassan_43_36_2596.det.lc.gz
610,cassan_43_36_55.det.lc.gz
611,cassan_43_44_1207.det.lc.gz
612,cassan_43_44_2164.det.lc.gz
613,cassan_43_44_2754.det.lc.gz
614,cassan_43_46_1002.det.lc.gz
615,cassan_43_46_1574.det.lc.gz
616,cassan_43_46_2902.det.lc.gz
617,cassan_43_48_1790.det.lc.gz
618,cassan_43_49_484.det.lc.gz
619,cassan_43_4_2804.det.lc.gz
620,cassan_43_56_2721.det.lc.gz
621,cassan_43_57_997.det.lc.gz
622,cassan_43_5_111.det.lc.gz
623,cassan_43_62_1505.det.lc.gz
624,cassan_43_6_1950.det.lc.gz
625,cassan_43_6_2941.det.lc.gz
626,cassan_43_6_3256.det.lc.gz
627,cassan_43_6_3332.det.lc.gz
628,cassan_43_70_1176.det.lc.gz
629,cassan_43_71_82.det.lc.gz
630,cassan_43_72_944.det.lc.gz
631,cassan_43_75_3234.det.lc.gz
632,cassan_43_75_564.det.lc.gz
633,cassan_43_7_2888.det.lc.gz
634,cassan_43_82_2474.det.lc.gz
635,cassan_43_82_36.det.lc.gz
636,cassan_43_83_1523.det.lc.gz
637,cassan_43_84_1957.det.lc.gz
638,cassan_43_85_347.det.lc.gz
639,cassan_43_86_1461.det.lc.gz
640,cassan_43_86_413.det.lc.gz
641,cassan_43_89_2430.det.lc.gz
642,cassan_43_8_1093.det.lc.gz
643,cassan_44_101_303.det.lc.gz
644,cassan_44_109_113.det.lc.gz
645,cassan_44_109_117.det.lc.gz
646,cassan_44_109_304.det.lc.gz
647,cassan_44_114_1031.det.lc.gz
648,cassan_44_114_1505.det.lc.gz
649,cassan_44_114_303.det.lc.gz
650,cassan_44_123_1678.det.lc.gz
651,cassan_44_125_2914.det.lc.gz
652,cassan_44_125_3072.det.lc.gz
653,cassan_44_126_1643.det.lc.gz
654,cassan_44_136_426.det.lc.gz
655,cassan_44_138_2959.det.lc.gz
656,cassan_44_140_1886.det.lc.gz
657,cassan_44_150_3216.det.lc.gz
658,cassan_44_151_2634.det.lc.gz
659,cassan_44_151_3097.det.lc.gz
660,cassan_44_18_1716.det.lc.gz
661,cassan_44_19_1735.det.lc.gz
662,cassan_44_20_421.det.lc.gz
663,cassan_44_20_586.det.lc.gz
664,cassan_44_23_17.det.lc.gz
665,cassan_44_32_1180.det.lc.gz
666,cassan_44_32_1627.det.lc.gz
667,cassan_44_32_2254.det.lc.gz
668,cassan_44_33_1985.det.lc.gz
669,cassan_44_33_2137.det.lc.gz
670,cassan_44_34_1220.det.lc.gz
671,cassan_44_36_1343.det.lc.gz
672,cassan_44_37_3132.det.lc.gz
673,cassan_44_44_71.det.lc.gz
674,cassan_44_45_1478.det.lc.gz
675,cassan_44_48_2439.det.lc.gz
676,cassan_44_4_2842.det.lc.gz
677,cassan_44_50_1318.det.lc.gz
678,cassan_44_56_2793.det.lc.gz
679,cassan_44_57_1296.det.lc.gz
680,cassan_44_57_2001.det.lc.gz
681,cassan_44_59_3259.det.lc.gz
682,cassan_44_5_3147.det.lc.gz
683,cassan_44_63_3255.det.lc.gz
684,cassan_44_63_538.det.lc.gz
685,cassan_44_69_1566.det.lc.gz
686,cassan_44_69_3312.det.lc.gz
687,cassan_44_70_1256.det.lc.gz
688,cassan_44_71_1423.det.lc.gz
689,cassan_44_72_2029.det.lc.gz
690,cassan_44_73_167.det.lc.gz
691,cassan_44_73_2842.det.lc.gz
692,cassan_44_75_2049.det.lc.gz
693,cassan_44_75_2340.det.lc.gz
694,cassan_44_82_1389.det.lc.gz
695,cassan_44_83_831.det.lc.gz
696,cassan_44_84_155.det.lc.gz
697,cassan_44_84_518.det.lc.gz
698,cassan_44_85_2615.det.lc.gz
699,cassan_44_86_108.det.lc.gz
700,cassan_44_86_2881.det.lc.gz
701,cassan_44_86_817.det.lc.gz
702,cassan_44_87_1976.det.lc.gz
703,cassan_44_88_2543.det.lc.gz
704,cassan_44_8_3277.det.lc.gz
705,cassan_44_96_1712.det.lc.gz
706,cassan_44_96_2945.det.lc.gz
707,cassan_44_97_682.det.lc.gz
708,cassan_44_98_1.det.lc.gz
709,cassan_44_98_2807.det.lc.gz
710,cassan_44_98_3107.det.lc.gz
711,cassan_45_100_1612.det.lc.gz
712,cassan_45_100_2968.det.lc.gz
713,cassan_45_111_3021.det.lc.gz
714,cassan_45_113_526.det.lc.gz
715,cassan_45_113_852.det.lc.gz
716,cassan_45_114_1623.det.lc.gz
717,cassan_45_136_454.det.lc.gz
718,cassan_45_17_3049.det.lc.gz
719,cassan_45_19_1413.det.lc.gz
720,cassan_45_19_3318.det.lc.gz
721,cassan_45_19_699.det.lc.gz
722,cassan_45_21_1451.det.lc.gz
723,cassan_45_34_2054.det.lc.gz
724,cassan_45_35_2574.det.lc.gz
725,cassan_45_36_2849.det.lc.gz
726,cassan_45_36_979.det.lc.gz
727,cassan_45_45_3307.det.lc.gz
728,cassan_45_45_508.det.lc.gz
729,cassan_45_46_66.det.lc.gz
730,cassan_45_46_861.det.lc.gz
731,cassan_45_58_2232.det.lc.gz
732,cassan_45_59_2009.det.lc.gz
733,cassan_45_60_386.det.lc.gz
734,cassan_45_62_1626.det.lc.gz
735,cassan_45_69_1372.det.lc.gz
736,cassan_45_71_2940.det.lc.gz
737,cassan_45_72_2781.det.lc.gz
738,cassan_45_75_255.det.lc.gz
739,cassan_45_83_2270.det.lc.gz
740,cassan_45_85_36.det.lc.gz
741,cassan_45_85_851.det.lc.gz
742,cassan_45_86_1560.det.lc.gz
743,cassan_45_86_578.det.lc.gz
744,cassan_45_97_458.det.lc.gz
745,cassan_45_98_2950.det.lc.gz
746,cassan_45_99_1166.det.lc.gz
747,cassan_46_101_1302.det.lc.gz
748,cassan_46_101_196.det.lc.gz
749,cassan_46_10_2303.det.lc.gz
750,cassan_46_115_934.det.lc.gz
751,cassan_46_123_195.det.lc.gz
752,cassan_46_126_843.det.lc.gz
753,cassan_46_127_1339.det.lc.gz
754,cassan_46_127_815.det.lc.gz
755,cassan_46_140_1105.det.lc.gz
756,cassan_46_150_1613.det.lc.gz
757,cassan_46_151_2710.det.lc.gz
758,cassan_46_19_71.det.lc.gz
759,cassan_46_20_2903.det.lc.gz
760,cassan_46_21_1018.det.lc.gz
761,cassan_46_22_2.det.lc.gz
762,cassan_46_22_2055.det.lc.gz
763,cassan_46_24_2318.det.lc.gz
764,cassan_46_24_3037.det.lc.gz
765,cassan_46_30_2540.det.lc.gz
766,cassan_46_30_3113.det.lc.gz
767,cassan_46_34_2501.det.lc.gz
768,cassan_46_34_2955.det.lc.gz
769,cassan_46_43_2238.det.lc.gz
770,cassan_46_45_3119.det.lc.gz
771,cassan_46_48_1977.det.lc.gz
772,cassan_46_48_2250.det.lc.gz
773,cassan_46_49_218.det.lc.gz
774,cassan_46_4_2934.det.lc.gz
775,cassan_46_4_2945.det.lc.gz
776,cassan_46_50_970.det.lc.gz
777,cassan_46_57_2137.det.lc.gz
778,cassan_46_58_1893.det.lc.gz
779,cassan_46_58_217.det.lc.gz
780,cassan_46_58_706.det.lc.gz
781,cassan_46_59_2159.det.lc.gz
782,cassan_46_62_3293.det.lc.gz
783,cassan_46_69_255.det.lc.gz
784,cassan_46_6_1587.det.lc.gz
785,cassan_46_70_1321.det.lc.gz
786,cassan_46_70_1378.det.lc.gz
787,cassan_46_70_657.det.lc.gz
788,cassan_46_72_1273.det.lc.gz
789,cassan_46_73_844.det.lc.gz
790,cassan_46_76_2015.det.lc.gz
791,cassan_46_76_2355.det.lc.gz
792,cassan_46_76_3322.det.lc.gz
793,cassan_46_82_1005.det.lc.gz
794,cassan_46_82_1802.det.lc.gz
795,cassan_46_86_1040.det.lc.gz
796,cassan_46_86_907.det.lc.gz
797,cassan_46_87_99.det.lc.gz
798,cassan_46_89_1960.det.lc.gz
799,cassan_46_98_1432.det.lc.gz
800,cassan_47_101_937.det.lc.gz
801,cassan_47_110_306.det.lc.gz
802,cassan_47_113_2953.det.lc.gz
803,cassan_47_115_2367.det.lc.gz
804,cassan_47_123_1100.det.lc.gz
805,cassan_47_123_2234.det.lc.gz
806,cassan_47_124_2010.det.lc.gz
807,cassan_47_127_2776.det.lc.gz
808,cassan_47_150_2224.det.lc.gz
809,cassan_47_150_304.det.lc.gz
810,cassan_47_17_2574.det.lc.gz
811,cassan_47_21_2758.det.lc.gz
812,cassan_47_30_2546.det.lc.gz
813,cassan_47_31_2292.det.lc.gz
814,cassan_47_32_3321.det.lc.gz
815,cassan_47_33_2104.det.lc.gz
816,cassan_47_35_2929.det.lc.gz
817,cassan_47_47_2747.det.lc.gz
818,cassan_47_48_2233.det.lc.gz
819,cassan_47_4_2622.det.lc.gz
820,cassan_47_57_480.det.lc.gz
821,cassan_47_58_934.det.lc.gz
822,cassan_47_59_854.det.lc.gz
823,cassan_47_5_1640.det.lc.gz
824,cassan_47_61_112.det.lc.gz
825,cassan_47_62_1115.det.lc.gz
826,cassan_47_62_728.det.lc.gz
827,cassan_47_69_1408.det.lc.gz
828,cassan_47_71_2300.det.lc.gz
829,cassan_47_71_2718.det.lc.gz
830,cassan_47_74_2831.det.lc.gz
831,cassan_47_74_605.det.lc.gz
832,cassan_47_75_596.det.lc.gz
833,cassan_47_76_2577.det.lc.gz
834,cassan_47_82_2690.det.lc.gz
835,cassan_47_83_1654.det.lc.gz
836,cassan_47_88_1586.det.lc.gz
837,cassan_47_89_1777.det.lc.gz
838,cassan_47_89_2024.det.lc.gz
839,cassan_47_97_3142.det.lc.gz
840,cassan_47_98_2859.det.lc.gz
841,cassan_47_98_413.det.lc.gz
842,cassan_47_99_1889.det.lc.gz
843,cassan_48_100_2368.det.lc.gz
844,cassan_48_100_277.det.lc.gz
845,cassan_48_109_2291.det.lc.gz
846,cassan_48_111_2155.det.lc.gz
847,cassan_48_123_1973.det.lc.gz
848,cassan_48_137_2200.det.lc.gz
849,cassan_48_137_844.det.lc.gz
850,cassan_48_18_287.det.lc.gz
851,cassan_48_18_842.det.lc.gz
852,cassan_48_19_2606.det.lc.gz
853,cassan_48_20_1679.det.lc.gz
854,cassan_48_21_218.det.lc.gz
855,cassan_48_21_2613.det.lc.gz
856,cassan_48_23_1327.det.lc.gz
857,cassan_48_23_3100.det.lc.gz
858,cassan_48_24_526.det.lc.gz
859,cassan_48_34_261.det.lc.gz
860,cassan_48_43_2106.det.lc.gz
861,cassan_48_43_2807.det.lc.gz
862,cassan_48_43_562.det.lc.gz
863,cassan_48_44_1229.det.lc.gz
864,cassan_48_44_2266.det.lc.gz
865,cassan_48_44_2962.det.lc.gz
866,cassan_48_45_1019.det.lc.gz
867,cassan_48_45_2490.det.lc.gz
868,cassan_48_45_2700.det.lc.gz
869,cassan_48_47_2948.det.lc.gz
870,cassan_48_50_3057.det.lc.gz
871,cassan_48_56_607.det.lc.gz
872,cassan_48_59_645.det.lc.gz
873,cassan_48_60_668.det.lc.gz
874,cassan_48_61_1184.det.lc.gz
875,cassan_48_62_1305.det.lc.gz
876,cassan_48_69_768.det.lc.gz
877,cassan_48_71_722.det.lc.gz
878,cassan_48_72_2168.det.lc.gz
879,cassan_48_72_654.det.lc.gz
880,cassan_48_74_529.det.lc.gz
881,cassan_48_7_1072.det.lc.gz
882,cassan_48_7_309.det.lc.gz
883,cassan_48_82_2486.det.lc.gz
884,cassan_48_83_1300.det.lc.gz
885,cassan_48_83_87.det.lc.gz
886,cassan_48_84_2223.det.lc.gz
887,cassan_48_85_2638.det.lc.gz
888,cassan_48_88_2503.det.lc.gz
889,cassan_48_8_2165.det.lc.gz
890,cassan_48_8_2469.det.lc.gz
891,cassan_48_96_470.det.lc.gz
892,cassan_48_9_2608.det.lc.gz
893,cassan_49_100_179.det.lc.gz
894,cassan_49_10_2789.det.lc.gz
895,cassan_49_111_439.det.lc.gz
896,cassan_49_111_672.det.lc.gz
897,cassan_49_114_1290.det.lc.gz
898,cassan_49_123_3080.det.lc.gz
899,cassan_49_125_1124.det.lc.gz
900,cassan_49_127_486.det.lc.gz
901,cassan_49_136_2343.det.lc.gz
902,cassan_49_139_1698.det.lc.gz
903,cassan_49_151_1234.det.lc.gz
904,cassan_49_18_3247.det.lc.gz
905,cassan_49_18_3300.det.lc.gz
906,cassan_49_20_838.det.lc.gz
907,cassan_49_23_781.det.lc.gz
908,cassan_49_33_1740.det.lc.gz
909,cassan_49_33_2434.det.lc.gz
910,cassan_49_33_3073.det.lc.gz
911,cassan_49_35_721.det.lc.gz
912,cassan_49_36_2835.det.lc.gz
913,cassan_49_37_1605.det.lc.gz
914,cassan_49_44_2394.det.lc.gz
915,cassan_49_45_220.det.lc.gz
916,cassan_49_46_2363.det.lc.gz
917,cassan_49_48_1440.det.lc.gz
918,cassan_49_48_2257.det.lc.gz
919,cassan_49_4_2663.det.lc.gz
920,cassan_49_50_1737.det.lc.gz
921,cassan_49_5_1060.det.lc.gz
922,cassan_49_60_1070.det.lc.gz
923,cassan_49_60_1195.det.lc.gz
924,cassan_49_60_123.det.lc.gz
925,cassan_49_62_3147.det.lc.gz
926,cassan_49_63_3294.det.lc.gz
927,cassan_49_6_1564.det.lc.gz
928,cassan_49_70_1179.det.lc.gz
929,cassan_49_70_719.det.lc.gz
930,cassan_49_74_1279.det.lc.gz
931,cassan_49_76_117.det.lc.gz
932,cassan_49_76_1895.det.lc.gz
933,cassan_49_82_2741.det.lc.gz
934,cassan_49_85_746.det.lc.gz
935,cassan_49_86_1649.det.lc.gz
936,cassan_49_87_1747.det.lc.gz
937,cassan_49_89_290.det.lc.gz
938,cassan_49_96_425.det.lc.gz
939,cassan_49_96_82.det.lc.gz
940,cassan_49_97_838.det.lc.gz
941,cassan_49_99_1203.det.lc.gz
942,cassan_4_109_1033.det.lc.gz
943,cassan_4_109_524.det.lc.gz
944,cassan_4_110_2810.det.lc.gz
945,cassan_4_110_863.det.lc.gz
946,cassan_4_113_1918.det.lc.gz
947,cassan_4_114_2547.det.lc.gz
948,cassan_4_115_2279.det.lc.gz
949,cassan_4_123_3188.det.lc.gz
950,cassan_4_125_649.det.lc.gz
951,cassan_4_138_1770.det.lc.gz
952,cassan_4_138_2342.det.lc.gz
953,cassan_4_138_708.det.lc.gz
954,cassan_4_140_466.det.lc.gz
955,cassan_4_150_1865.det.lc.gz
956,cassan_4_151_649.det.lc.gz
957,cassan_4_18_2160.det.lc.gz
958,cassan_4_18_712.det.lc.gz
959,cassan_4_20_3320.det.lc.gz
960,cassan_4_21_1958.det.lc.gz
961,cassan_4_22_58.det.lc.gz
962,cassan_4_31_961.det.lc.gz
963,cassan_4_32_614.det.lc.gz
964,cassan_4_35_1785.det.lc.gz
965,cassan_4_43_2591.det.lc.gz
966,cassan_4_48_2669.det.lc.gz
967,cassan_4_56_1083.det.lc.gz
968,cassan_4_56_1980.det.lc.gz
969,cassan_4_57_1189.det.lc.gz
970,cassan_4_57_2078.det.lc.gz
971,cassan_4_57_86.det.lc.gz
972,cassan_4_58_152.det.lc.gz
973,cassan_4_5_1.det.lc.gz
974,cassan_4_5_1619.det.lc.gz
975,cassan_4_60_3219.det.lc.gz
976,cassan_4_61_2056.det.lc.gz
977,cassan_4_69_1105.det.lc.gz
978,cassan_4_69_987.det.lc.gz
979,cassan_4_6_1625.det.lc.gz
980,cassan_4_71_1397.det.lc.gz
981,cassan_4_72_1023.det.lc.gz
982,cassan_4_72_1285.det.lc.gz
983,cassan_4_73_1148.det.lc.gz
984,cassan_4_84_566.det.lc.gz
985,cassan_4_87_2853.det.lc.gz
986,cassan_4_89_2545.det.lc.gz
987,cassan_4_96_1533.det.lc.gz
988,cassan_4_96_494.det.lc.gz
989,cassan_4_98_343.det.lc.gz
990,cassan_50_101_3034.det.lc.gz
991,cassan_50_109_1671.det.lc.gz
992,cassan_50_109_345.det.lc.gz
993,cassan_50_110_1460.det.lc.gz
994,cassan_50_110_31.det.lc.gz
995,cassan_50_113_1401.det.lc.gz
996,cassan_50_123_555.det.lc.gz
997,cassan_50_124_2075.det.lc.gz
998,cassan_50_126_2325.det.lc.gz
999,cassan_50_127_387.det.lc.gz
1000,cassan_50_137_2528.det.lc.gz
1001,cassan_50_17_1858.det.lc.gz
1002,cassan_50_17_447.det.lc.gz
1003,cassan_50_18_2934.det.lc.gz
1004,cassan_50_23_64.det.lc.gz
1005,cassan_50_30_580.det.lc.gz
1006,cassan_50_31_1877.det.lc.gz
1007,cassan_50_32_2317.det.lc.gz
1008,cassan_50_35_1499.det.lc.gz
1009,cassan_50_35_2298.det.lc.gz
1010,cassan_50_35_777.det.lc.gz
1011,cassan_50_37_1852.det.lc.gz
1012,cassan_50_43_2288.det.lc.gz
1013,cassan_50_44_1514.det.lc.gz
1014,cassan_50_45_382.det.lc.gz
1015,cassan_50_45_836.det.lc.gz
1016,cassan_50_49_3077.det.lc.gz
1017,cassan_50_4_1934.det.lc.gz
1018,cassan_50_56_1554.det.lc.gz
1019,cassan_50_56_2609.det.lc.gz
1020,cassan_50_56_3181.det.lc.gz
1021,cassan_50_57_1015.det.lc.gz
1022,cassan_50_57_2455.det.lc.gz
1023,cassan_50_57_2794.det.lc.gz
1024,cassan_50_57_754.det.lc.gz
1025,cassan_50_59_362.det.lc.gz
1026,cassan_50_62_1035.det.lc.gz
1027,cassan_50_63_2417.det.lc.gz
1028,cassan_50_69_501.det.lc.gz
1029,cassan_50_72_2881.det.lc.gz
1030,cassan_50_73_580.det.lc.gz
1031,cassan_50_73_71.det.lc.gz
1032,cassan_50_73_972.det.lc.gz
1033,cassan_50_75_2776.det.lc.gz
1034,cassan_50_76_2322.det.lc.gz
1035,cassan_50_7_289.det.lc.gz
1036,cassan_50_83_1629.det.lc.gz
1037,cassan_50_84_1020.det.lc.gz
1038,cassan_50_85_91.det.lc.gz
1039,cassan_50_86_3320.det.lc.gz
1040,cassan_50_87_1933.det.lc.gz
1041,cassan_50_96_1342.det.lc.gz
1042,cassan_50_97_2068.det.lc.gz
1043,cassan_50_97_2186.det.lc.gz
1044,cassan_50_97_2924.det.lc.gz
1045,cassan_50_98_458.det.lc.gz
1046,cassan_51_19_1576.det.lc.gz
1047,cassan_51_20_86.det.lc.gz
1048,cassan_51_22_1558.det.lc.gz
1049,cassan_51_23_50.det.lc.gz
1050,cassan_51_24_1937.det.lc.gz
1051,cassan_51_30_832.det.lc.gz
1052,cassan_51_32_1557.det.lc.gz
1053,cassan_51_32_1651.det.lc.gz
1054,cassan_51_32_2808.det.lc.gz
1055,cassan_51_33_835.det.lc.gz
1056,cassan_51_35_1743.det.lc.gz
1057,cassan_51_35_1962.det.lc.gz
1058,cassan_51_43_2839.det.lc.gz
1059,cassan_51_44_1026.det.lc.gz
1060,cassan_51_44_697.det.lc.gz
1061,cassan_51_4_2281.det.lc.gz
1062,cassan_51_50_2718.det.lc.gz
1063,cassan_51_57_1203.det.lc.gz
1064,cassan_51_60_1027.det.lc.gz
1065,cassan_51_60_995.det.lc.gz
1066,cassan_51_61_277.det.lc.gz
1067,cassan_51_62_709.det.lc.gz
1068,cassan_51_63_64.det.lc.gz
1069,cassan_51_69_1500.det.lc.gz
1070,cassan_51_69_1622.det.lc.gz
1071,cassan_51_69_670.det.lc.gz
1072,cassan_51_71_205.det.lc.gz
1073,cassan_51_73_240.det.lc.gz
1074,cassan_51_84_548.det.lc.gz
1075,cassan_51_88_527.det.lc.gz
1076,cassan_51_99_1084.det.lc.gz
1077,cassan_5_100_890.det.lc.gz
1078,cassan_5_101_2679.det.lc.gz
1079,cassan_5_101_360.det.lc.gz
1080,cassan_5_10_238.det.lc.gz
1081,cassan_5_110_1223.det.lc.gz
1082,cassan_5_123_1254.det.lc.gz
1083,cassan_5_123_699.det.lc.gz
1084,cassan_5_124_3053.det.lc.gz
1085,cassan_5_125_804.det.lc.gz
1086,cassan_5_125_814.det.lc.gz
1087,cassan_5_127_1952.det.lc.gz
1088,cassan_5_127_209.det.lc.gz
1089,cassan_5_137_2407.det.lc.gz
1090,cassan_5_137_446.det.lc.gz
1091,cassan_5_139_2838.det.lc.gz
1092,cassan_5_140_700.det.lc.gz
1093,cassan_5_17_843.det.lc.gz
1094,cassan_5_19_2765.det.lc.gz
1095,cassan_5_20_155.det.lc.gz
1096,cassan_5_20_1702.det.lc.gz
1097,cassan_5_21_1566.det.lc.gz
1098,cassan_5_21_2422.det.lc.gz
1099,cassan_5_21_2734.det.lc.gz
1100,cassan_5_22_2467.det.lc.gz
1101,cassan_5_23_64.det.lc.gz
1102,cassan_5_32_3146.det.lc.gz
1103,cassan_5_34_2542.det.lc.gz
1104,cassan_5_35_2110.det.lc.gz
1105,cassan_5_36_1720.det.lc.gz
1106,cassan_5_36_693.det.lc.gz
1107,cassan_5_37_1843.det.lc.gz
1108,cassan_5_44_1675.det.lc.gz
1109,cassan_5_44_523.det.lc.gz
1110,cassan_5_48_1312.det.lc.gz
1111,cassan_5_48_1521.det.lc.gz
1112,cassan_5_48_1712.det.lc.gz
1113,cassan_5_48_55.det.lc.gz
1114,cassan_5_49_1497.det.lc.gz
1115,cassan_5_49_2066.det.lc.gz
1116,cassan_5_57_1300.det.lc.gz
1117,cassan_5_57_2944.det.lc.gz
1118,cassan_5_58_530.det.lc.gz
1119,cassan_5_5_2957.det.lc.gz
1120,cassan_5_60_2691.det.lc.gz
1121,cassan_5_60_858.det.lc.gz
1122,cassan_5_61_2147.det.lc.gz
1123,cassan_5_61_468.det.lc.gz
1124,cassan_5_61_613.det.lc.gz
1125,cassan_5_69_1186.det.lc.gz
1126,cassan_5_6_565.det.lc.gz
1127,cassan_5_70_2471.det.lc.gz
1128,cassan_5_72_1214.det.lc.gz
1129,cassan_5_83_1376.det.lc.gz
1130,cassan_5_84_2688.det.lc.gz
1131,cassan_5_86_1761.det.lc.gz
1132,cassan_5_96_1313.det.lc.gz
1133,cassan_5_97_2061.det.lc.gz
1134,cassan_5_98_2302.det.lc.gz
1135,cassan_5_99_1264.det.lc.gz
1136,cassan_5_99_2953.det.lc.gz
1137,cassan_6_100_2349.det.lc.gz
1138,cassan_6_101_464.det.lc.gz
1139,cassan_6_101_589.det.lc.gz
1140,cassan_6_102_201.det.lc.gz
1141,cassan_6_109_2033.det.lc.gz
1142,cassan_6_110_2956.det.lc.gz
1143,cassan_6_110_924.det.lc.gz
1144,cassan_6_112_1532.det.lc.gz
1145,cassan_6_112_2211.det.lc.gz
1146,cassan_6_124_1834.det.lc.gz
1147,cassan_6_125_2512.det.lc.gz
1148,cassan_6_127_390.det.lc.gz
1149,cassan_6_138_1774.det.lc.gz
1150,cassan_6_138_423.det.lc.gz
1151,cassan_6_138_572.det.lc.gz
1152,cassan_6_140_711.det.lc.gz
1153,cassan_6_150_1040.det.lc.gz
1154,cassan_6_17_920.det.lc.gz
1155,cassan_6_18_3186.det.lc.gz
1156,cassan_6_19_1495.det.lc.gz
1157,cassan_6_30_2665.det.lc.gz
1158,cassan_6_31_1904.det.lc.gz
1159,cassan_6_32_1260.det.lc.gz
1160,cassan_6_33_929.det.lc.gz
1161,cassan_6_36_3027.det.lc.gz
1162,cassan_6_44_79.det.lc.gz
1163,cassan_6_45_2089.det.lc.gz
1164,cassan_6_45_3239.det.lc.gz
1165,cassan_6_45_590.det.lc.gz
1166,cassan_6_48_2645.det.lc.gz
1167,cassan_6_48_556.det.lc.gz
1168,cassan_6_49_1343.det.lc.gz
1169,cassan_6_49_2141.det.lc.gz
1170,cassan_6_4_1219.det.lc.gz
1171,cassan_6_4_1231.det.lc.gz
1172,cassan_6_4_1543.det.lc.gz
1173,cassan_6_57_131.det.lc.gz
1174,cassan_6_57_3070.det.lc.gz
1175,cassan_6_59_2949.det.lc.gz
1176,cassan_6_5_1071.det.lc.gz
1177,cassan_6_60_1186.det.lc.gz
1178,cassan_6_61_1450.det.lc.gz
1179,cassan_6_62_1162.det.lc.gz
1180,cassan_6_62_1554.det.lc.gz
1181,cassan_6_69_2772.det.lc.gz
1182,cassan_6_73_2324.det.lc.gz
1183,cassan_6_82_852.det.lc.gz
1184,cassan_6_83_1967.det.lc.gz
1185,cassan_6_84_872.det.lc.gz
1186,cassan_6_88_937.det.lc.gz
1187,cassan_6_98_639.det.lc.gz
1188,cassan_7_109_1127.det.lc.gz
1189,cassan_7_112_1934.det.lc.gz
1190,cassan_7_124_2467.det.lc.gz
1191,cassan_7_125_3116.det.lc.gz
1192,cassan_7_127_117.det.lc.gz
1193,cassan_7_137_468.det.lc.gz
1194,cassan_7_151_2893.det.lc.gz
1195,cassan_7_21_2291.det.lc.gz
1196,cassan_7_22_1659.det.lc.gz
1197,cassan_7_30_26.det.lc.gz
1198,cassan_7_34_1412.det.lc.gz
1199,cassan_7_35_243.det.lc.gz
1200,cassan_7_36_825.det.lc.gz
1201,cassan_7_45_1882.det.lc.gz
1202,cassan_7_46_1802.det.lc.gz
1203,cassan_7_46_370.det.lc.gz
1204,cassan_7_49_1770.det.lc.gz
1205,cassan_7_4_1317.det.lc.gz
1206,cassan_7_4_2741.det.lc.gz
1207,cassan_7_57_1370.det.lc.gz
1208,cassan_7_58_2141.det.lc.gz
1209,cassan_7_59_876.det.lc.gz
1210,cassan_7_5_1736.det.lc.gz
1211,cassan_7_5_3103.det.lc.gz
1212,cassan_7_5_953.det.lc.gz
1213,cassan_7_60_2417.det.lc.gz
1214,cassan_7_69_185.det.lc.gz
1215,cassan_7_73_1689.det.lc.gz
1216,cassan_7_75_2869.det.lc.gz
1217,cassan_7_75_3092.det.lc.gz
1218,cassan_7_7_919.det.lc.gz
1219,cassan_7_85_91.det.lc.gz
1220,cassan_7_89_1568.det.lc.gz
1221,cassan_7_97_3182.det.lc.gz
1222,cassan_7_98_596.det.lc.gz
1223,cassan_7_9_1849.det.lc.gz
1224,cassan_7_9_465.det.lc.gz
1225,cassan_8_102_3005.det.lc.gz
1226,cassan_8_102_773.det.lc.gz
1227,cassan_8_109_1203.det.lc.gz
1228,cassan_8_109_3298.det.lc.gz
1229,cassan_8_110_159.det.lc.gz
1230,cassan_8_110_3159.det.lc.gz
1231,cassan_8_112_2097.det.lc.gz
1232,cassan_8_112_2245.det.lc.gz
1233,cassan_8_123_2531.det.lc.gz
1234,cassan_8_124_2687.det.lc.gz
1235,cassan_8_124_3266.det.lc.gz
1236,cassan_8_136_3052.det.lc.gz
1237,cassan_8_138_1389.det.lc.gz
1238,cassan_8_138_2390.det.lc.gz
1239,cassan_8_140_1436.det.lc.gz
1240,cassan_8_18_2601.det.lc.gz
1241,cassan_8_19_183.det.lc.gz
1242,cassan_8_19_952.det.lc.gz
1243,cassan_8_20_2460.det.lc.gz
1244,cassan_8_21_367.det.lc.gz
1245,cassan_8_30_1269.det.lc.gz
1246,cassan_8_31_1767.det.lc.gz
1247,cassan_8_31_3137.det.lc.gz
1248,cassan_8_34_2549.det.lc.gz
1249,cassan_8_35_960.det.lc.gz
1250,cassan_8_45_386.det.lc.gz
1251,cassan_8_45_781.det.lc.gz
1252,cassan_8_47_2176.det.lc.gz
1253,cassan_8_48_2212.det.lc.gz
1254,cassan_8_48_2445.det.lc.gz
1255,cassan_8_4_2963.det.lc.gz
1256,cassan_8_4_3232.det.lc.gz
1257,cassan_8_50_2035.det.lc.gz
1258,cassan_8_60_2897.det.lc.gz
1259,cassan_8_61_255.det.lc.gz
1260,cassan_8_61_638.det.lc.gz
1261,cassan_8_63_3248.det.lc.gz
1262,cassan_8_69_2838.det.lc.gz
1263,cassan_8_6_2778.det.lc.gz
1264,cassan_8_70_139.det.lc.gz
1265,cassan_8_70_2458.det.lc.gz
1266,cassan_8_71_2974.det.lc.gz
1267,cassan_8_72_2498.det.lc.gz
1268,cassan_8_75_2314.det.lc.gz
1269,cassan_8_75_2814.det.lc.gz
1270,cassan_8_76_2537.det.lc.gz
1271,cassan_8_7_2735.det.lc.gz
1272,cassan_8_7_2923.det.lc.gz
1273,cassan_8_82_3239.det.lc.gz
1274,cassan_8_82_758.det.lc.gz
1275,cassan_8_83_1003.det.lc.gz
1276,cassan_8_88_1335.det.lc.gz
1277,cassan_8_89_143.det.lc.gz
1278,cassan_8_8_1683.det.lc.gz
1279,cassan_8_97_2155.det.lc.gz
1280,cassan_8_98_2861.det.lc.gz
1281,cassan_8_99_1919.det.lc.gz
1282,cassan_9_101_1550.det.lc.gz
1283,cassan_9_101_1738.det.lc.gz
1284,cassan_9_101_2201.det.lc.gz
1285,cassan_9_102_1679.det.lc.gz
1286,cassan_9_109_2483.det.lc.gz
1287,cassan_9_110_2557.det.lc.gz
1288,cassan_9_112_1552.det.lc.gz
1289,cassan_9_112_3002.det.lc.gz
1290,cassan_9_113_3129.det.lc.gz
1291,cassan_9_113_661.det.lc.gz
1292,cassan_9_114_1846.det.lc.gz
1293,cassan_9_124_1720.det.lc.gz
1294,cassan_9_125_2791.det.lc.gz
1295,cassan_9_126_2107.det.lc.gz
1296,cassan_9_126_2993.det.lc.gz
1297,cassan_9_126_303.det.lc.gz
1298,cassan_9_126_966.det.lc.gz
1299,cassan_9_136_1119.det.lc.gz
1300,cassan_9_136_829.det.lc.gz
1301,cassan_9_137_2184.det.lc.gz
1302,cassan_9_137_3030.det.lc.gz
1303,cassan_9_139_443.det.lc.gz
1304,cassan_9_140_1196.det.lc.gz
1305,cassan_9_151_352.det.lc.gz
1306,cassan_9_18_2667.det.lc.gz
1307,cassan_9_19_2917.det.lc.gz
1308,cassan_9_20_2390.det.lc.gz
1309,cassan_9_21_23.det.lc.gz
1310,cassan_9_30_19.det.lc.gz
1311,cassan_9_32_1341.det.lc.gz
1312,cassan_9_33_2797.det.lc.gz
1313,cassan_9_47_2066.det.lc.gz
1314,cassan_9_56_3094.det.lc.gz
1315,cassan_9_58_449.det.lc.gz
1316,cassan_9_59_1887.det.lc.gz
1317,cassan_9_59_3272.det.lc.gz
1318,cassan_9_5_1161.det.lc.gz
1319,cassan_9_5_1602.det.lc.gz
1320,cassan_9_61_2799.det.lc.gz
1321,cassan_9_61_53.det.lc.gz
1322,cassan_9_63_1086.det.lc.gz
1323,cassan_9_69_3303.det.lc.gz
1324,cassan_9_71_921.det.lc.gz
1325,cassan_9_72_258.det.lc.gz
1326,cassan_9_74_1879.det.lc.gz
1327,cassan_9_75_2672.det.lc.gz
1328,cassan_9_7_896.det.lc.gz
1329,cassan_9_83_2268.det.lc.gz
1330,cassan_9_84_2772.det.lc.gz
1331,cassan_9_85_1259.det.lc.gz
1332,cassan_9_85_1888.det.lc.gz
1333,cassan_9_87_1194.det.lc.gz
1334,cassan_9_87_455.det.lc.gz
1335,cassan_9_96_2567.det.lc.gz
1336,cassan_9_9_2104.det.lc.gz
